Weight (cm-3),Equiv. Sphere Diameter (nm),Collision Diameter (nm),Mobility Diameter (nm),Surface Area (cm2),Volume (cm3),Mass (g),Age (s),Stat. Weight (-),Num coags (-),aluminum
7953.97503255952,8783.12359215579,8783.12359215579,8783.12359215579,2.42352699000186e-06,3.54769199196257e-10,1.3835998768654e-09,0.5,1,0,30860128293000