Weight (cm-3),Equiv. Sphere Diameter (nm),Collision Diameter (nm),Mobility Diameter (nm),Surface Area (cm2),Volume (cm3),Mass (g),Age (s),Stat. Weight (-),Num coags (-),aluminum
9682.48674316486,8948.66763552534,8948.66763552534,8948.66763552534,2.51574506249742e-06,3.75209702019679e-10,1.46331783787675e-09,0.295,1,0,32638175939000