Weight (cm-3),Equiv. Sphere Diameter (nm),Collision Diameter (nm),Mobility Diameter (nm),Surface Area (cm2),Volume (cm3),Mass (g),Age (s),Stat. Weight (-),Num coags (-),aluminum
200000.000000005,9399.18120954586,9399.18120954586,9399.18120954586,2.77542769623153e-06,4.34779432799158e-10,1.69563978791672e-09,1,1,0,37819937880000