Weight (cm-3),Equiv. Sphere Diameter (nm),Collision Diameter (nm),Mobility Diameter (nm),Surface Area (cm2),Volume (cm3),Mass (g),Age (s),Stat. Weight (-),Num coags (-),aluminum
14665.6936604263,8950.09772464256,8950.09772464256,8950.09772464256,2.51654921061422e-06,3.7538961787266e-10,1.46401950970337e-09,0.294,1,0,32653826188000